Entity,Code,Year,Rice - Yield (tonnes per hectare)
Brunei,BRN,1961,1.7306
Brunei,BRN,1962,1.8527
Brunei,BRN,1963,1.3711001
Brunei,BRN,1964,1.3235
Brunei,BRN,1965,1.1737
Brunei,BRN,1966,1.3922
Brunei,BRN,1967,1.5871
Brunei,BRN,1968,1.5868001
Brunei,BRN,1969,1.8581
Brunei,BRN,1970,1.9621
Brunei,BRN,1971,1.6024001
Brunei,BRN,1972,1.6175001
Brunei,BRN,1973,2.4251003
Brunei,BRN,1974,2.904
Brunei,BRN,1975,2.7178001
Brunei,BRN,1976,1.9647001
Brunei,BRN,1977,1.5034001
Brunei,BRN,1978,1.5917001
Brunei,BRN,1979,2.1759
Brunei,BRN,1980,1.3797001
Brunei,BRN,1981,1.3643001
Brunei,BRN,1982,1.4825001
Brunei,BRN,1983,1.5797
Brunei,BRN,1984,1.5571
Brunei,BRN,1985,1.2394
Brunei,BRN,1986,2.1359
Brunei,BRN,1987,1.0630001
Brunei,BRN,1988,2.1685002
Brunei,BRN,1989,2.2286003
Brunei,BRN,1990,1.5500001
Brunei,BRN,1991,0.81250006
Brunei,BRN,1992,0.7857
Brunei,BRN,1993,0.8
Brunei,BRN,1994,0.8
Brunei,BRN,1995,0.8
Brunei,BRN,1996,0.7778
Brunei,BRN,1997,0.7778
Brunei,BRN,1998,0.7778
Brunei,BRN,1999,0.78950006
Brunei,BRN,2000,1.0065
Brunei,BRN,2001,0.8924001
Brunei,BRN,2002,0.8881
Brunei,BRN,2003,0.81930006
Brunei,BRN,2004,0.79350007
Brunei,BRN,2005,0.7443
Brunei,BRN,2006,0.79520005
Brunei,BRN,2007,0.90070003
Brunei,BRN,2008,0.82140005
Brunei,BRN,2009,0.77370006
Brunei,BRN,2010,1
Brunei,BRN,2011,1.4667001
Brunei,BRN,2012,1.3750001
Brunei,BRN,2013,1.4615
Brunei,BRN,2014,1.6154001
Brunei,BRN,2015,2.3846002
Brunei,BRN,2016,1.7143002
Brunei,BRN,2017,1.7692001
Brunei,BRN,2018,2
Brunei,BRN,2019,2.0909
Brunei,BRN,2020,3.0000002
Brunei,BRN,2021,2.7333002
Brunei,BRN,2022,2.3992
Brunei,BRN,2023,2.5647001
Brunei,BRN,2024,2.4175
Cambodia,KHM,1961,1.0921
Cambodia,KHM,1962,0.892
Cambodia,KHM,1963,1.1742
Cambodia,KHM,1964,1.1611
Cambodia,KHM,1965,1.0666001
Cambodia,KHM,1966,1.0889001
Cambodia,KHM,1967,1.2163001
Cambodia,KHM,1968,1.3989
Cambodia,KHM,1969,1.2876
Cambodia,KHM,1970,1.5898001
Cambodia,KHM,1971,1.4532
Cambodia,KHM,1972,1.3774
Cambodia,KHM,1973,1.2947
Cambodia,KHM,1974,1.1441001
Cambodia,KHM,1975,1.2
Cambodia,KHM,1976,1.1
Cambodia,KHM,1977,1
Cambodia,KHM,1978,1
Cambodia,KHM,1979,0.6951
Cambodia,KHM,1980,1.1924001
Cambodia,KHM,1981,1.1314001
Cambodia,KHM,1982,1.2068001
Cambodia,KHM,1983,1.2649001
Cambodia,KHM,1984,1.2883002
Cambodia,KHM,1985,1.2497001
Cambodia,KHM,1986,1.3770001
Cambodia,KHM,1987,1.3248001
Cambodia,KHM,1988,1.3699001
Cambodia,KHM,1989,1.4358001
Cambodia,KHM,1990,1.3477
Cambodia,KHM,1991,1.3962001
Cambodia,KHM,1992,1.3178002
Cambodia,KHM,1993,1.3069001
Cambodia,KHM,1994,1.4877
Cambodia,KHM,1995,1.792
Cambodia,KHM,1996,1.8116001
Cambodia,KHM,1997,1.7706001
Cambodia,KHM,1998,1.7884
Cambodia,KHM,1999,1.9433001
Cambodia,KHM,2000,2.1155002
Cambodia,KHM,2001,2.0699
Cambodia,KHM,2002,1.9164001
Cambodia,KHM,2003,2.1012
Cambodia,KHM,2004,1.9773002
Cambodia,KHM,2005,2.4793003
Cambodia,KHM,2006,2.4893003
Cambodia,KHM,2007,2.6216002
Cambodia,KHM,2008,2.7457001
Cambodia,KHM,2009,2.8363001
Cambodia,KHM,2010,2.9697
Cambodia,KHM,2011,2.9574
Cambodia,KHM,2012,3.0892
Cambodia,KHM,2013,3.1627002
Cambodia,KHM,2014,3.0782
Cambodia,KHM,2015,3.0849001
Cambodia,KHM,2016,3.2103002
Cambodia,KHM,2017,3.2972002
Cambodia,KHM,2018,3.3534
Cambodia,KHM,2019,3.3351002
Cambodia,KHM,2020,3.3454
Cambodia,KHM,2021,3.4897
Cambodia,KHM,2022,3.5465002
Cambodia,KHM,2023,3.6017
Cambodia,KHM,2024,3.6437001
East Timor,TLS,1961,1.9949001
East Timor,TLS,1962,1.7
East Timor,TLS,1963,1.5385001
East Timor,TLS,1964,1.3652
East Timor,TLS,1965,1.6599001
East Timor,TLS,1966,1.6599001
East Timor,TLS,1967,1.7576001
East Timor,TLS,1968,1.9605001
East Timor,TLS,1969,1.8239001
East Timor,TLS,1970,1.7933002
East Timor,TLS,1971,1.5034001
East Timor,TLS,1972,1.7939001
East Timor,TLS,1973,1.9486
East Timor,TLS,1974,2.3000002
East Timor,TLS,1975,2.0833
East Timor,TLS,1976,2
East Timor,TLS,1977,2
East Timor,TLS,1978,2
East Timor,TLS,1979,2
East Timor,TLS,1980,2
East Timor,TLS,1981,2
East Timor,TLS,1982,2
East Timor,TLS,1983,2
East Timor,TLS,1984,2.0069
East Timor,TLS,1985,2
East Timor,TLS,1986,2
East Timor,TLS,1987,2.1305
East Timor,TLS,1988,2.1562002
East Timor,TLS,1989,2.5873
East Timor,TLS,1990,2.6361003
East Timor,TLS,1991,2.6237001
East Timor,TLS,1992,2.7169
East Timor,TLS,1993,2.7453003
East Timor,TLS,1994,2.5759
East Timor,TLS,1995,2.5822
East Timor,TLS,1996,2.6726003
East Timor,TLS,1997,2.6742
East Timor,TLS,1998,2.6651003
East Timor,TLS,1999,2.6489
East Timor,TLS,2000,3.0000002
East Timor,TLS,2001,1.5384
East Timor,TLS,2002,1.5330001
East Timor,TLS,2003,1.5025
East Timor,TLS,2004,1.5215001
East Timor,TLS,2005,1.4722
East Timor,TLS,2006,1.2313001
East Timor,TLS,2007,1.5105001
East Timor,TLS,2008,1.7587
East Timor,TLS,2009,3.0970001
East Timor,TLS,2010,3.0898001
East Timor,TLS,2011,2.7642
East Timor,TLS,2012,2.8451002
East Timor,TLS,2013,3.1192
East Timor,TLS,2014,3.1186001
East Timor,TLS,2015,3.1082
East Timor,TLS,2016,3.1168003
East Timor,TLS,2017,2.7055001
East Timor,TLS,2018,3.3529
East Timor,TLS,2019,2.1418002
East Timor,TLS,2020,2.6430001
East Timor,TLS,2021,1.6966001
East Timor,TLS,2022,2.1698
East Timor,TLS,2023,2.1698
East Timor,TLS,2024,2.1698
Indonesia,IDN,1961,1.7623001
Indonesia,IDN,1962,1.7855
Indonesia,IDN,1963,1.7226001
Indonesia,IDN,1964,1.7630001
Indonesia,IDN,1965,1.7708001
Indonesia,IDN,1966,1.7748002
Indonesia,IDN,1967,1.7592
Indonesia,IDN,1968,2.1398
Indonesia,IDN,1969,2.2487001
Indonesia,IDN,1970,2.3763
Indonesia,IDN,1971,2.4254
Indonesia,IDN,1972,2.4556003
Indonesia,IDN,1973,2.5572
Indonesia,IDN,1974,2.6412
Indonesia,IDN,1975,2.6297002
Indonesia,IDN,1976,2.7843
Indonesia,IDN,1977,2.7929
Indonesia,IDN,1978,2.8862002
Indonesia,IDN,1979,2.9855
Indonesia,IDN,1980,3.2928002
Indonesia,IDN,1981,3.4934
Indonesia,IDN,1982,3.7363002
Indonesia,IDN,1983,3.8530002
Indonesia,IDN,1984,3.9060001
Indonesia,IDN,1985,3.9418
Indonesia,IDN,1986,3.9773002
Indonesia,IDN,1987,4.0391
Indonesia,IDN,1988,4.1108
Indonesia,IDN,1989,4.247
Indonesia,IDN,1990,4.3018
Indonesia,IDN,1991,4.3465004
Indonesia,IDN,1992,4.3446
Indonesia,IDN,1993,4.375
Indonesia,IDN,1994,4.3453
Indonesia,IDN,1995,4.3487005
Indonesia,IDN,1996,4.4168
Indonesia,IDN,1997,4.4322004
Indonesia,IDN,1998,4.1974
Indonesia,IDN,1999,4.2519
Indonesia,IDN,2000,4.4007006
Indonesia,IDN,2001,4.3879
Indonesia,IDN,2002,4.4691005
Indonesia,IDN,2003,4.5426
Indonesia,IDN,2004,4.5365
Indonesia,IDN,2005,4.5739
Indonesia,IDN,2006,4.6201005
Indonesia,IDN,2007,4.6468
Indonesia,IDN,2008,4.9165
Indonesia,IDN,2009,5.0105004
Indonesia,IDN,2010,5.0253
Indonesia,IDN,2011,4.9995003
Indonesia,IDN,2012,5.151
Indonesia,IDN,2013,5.1668
Indonesia,IDN,2014,5.1477003
Indonesia,IDN,2015,5.3588
Indonesia,IDN,2016,5.0973
Indonesia,IDN,2017,5.0690002
Indonesia,IDN,2018,5.2031
Indonesia,IDN,2019,5.1137004
Indonesia,IDN,2020,5.1279
Indonesia,IDN,2021,5.2263002
Indonesia,IDN,2022,5.2378
Indonesia,IDN,2023,5.2852006
Indonesia,IDN,2024,5.2899003
Laos,LAO,1961,0.87100005
Laos,LAO,1962,0.8644001
Laos,LAO,1963,0.86670005
Laos,LAO,1964,0.80240005
Laos,LAO,1965,0.8079001
Laos,LAO,1966,0.8108
Laos,LAO,1967,0.84480006
Laos,LAO,1968,1.1753001
Laos,LAO,1969,1.3471
Laos,LAO,1970,1.3589001
Laos,LAO,1971,1.2204001
Laos,LAO,1972,1.2287
Laos,LAO,1973,1.3290001
Laos,LAO,1974,1.319
Laos,LAO,1975,1.3382
Laos,LAO,1976,1.2600001
Laos,LAO,1977,1.2345
Laos,LAO,1978,1.2512
Laos,LAO,1979,1.2577
Laos,LAO,1980,1.4386001
Laos,LAO,1981,1.5498002
Laos,LAO,1982,1.4825001
Laos,LAO,1983,1.5851
Laos,LAO,1984,2.0166001
Laos,LAO,1985,2.1028001
Laos,LAO,1986,2.2588003
Laos,LAO,1987,2.2272
Laos,LAO,1988,1.9118001
Laos,LAO,1989,2.3552
Laos,LAO,1990,2.2935002
Laos,LAO,1991,2.1977
Laos,LAO,1992,2.6555002
Laos,LAO,1993,2.2668002
Laos,LAO,1994,2.5812001
Laos,LAO,1995,2.5323002
Laos,LAO,1996,2.5526001
Laos,LAO,1997,2.7607
Laos,LAO,1998,2.7116003
Laos,LAO,1999,2.9304001
Laos,LAO,2000,3.0606003
Laos,LAO,2001,3.1264
Laos,LAO,2002,3.2739
Laos,LAO,2003,3.1403003
Laos,LAO,2004,3.2831004
Laos,LAO,2005,3.489
Laos,LAO,2006,3.5855002
Laos,LAO,2007,3.7233002
Laos,LAO,2008,3.7772002
Laos,LAO,2009,3.8419
Laos,LAO,2010,3.5909002
Laos,LAO,2011,3.7513003
Laos,LAO,2012,3.7367
Laos,LAO,2013,3.8315003
Laos,LAO,2014,4.1786003
Laos,LAO,2015,4.2501
Laos,LAO,2016,4.2625003
Laos,LAO,2017,4.2251005
Laos,LAO,2018,4.2264
Laos,LAO,2019,4.1548
Laos,LAO,2020,3.8181002
Laos,LAO,2021,3.8956003
Laos,LAO,2022,3.9489
Laos,LAO,2023,4.0347
Laos,LAO,2024,4.1082006
Malaysia,MYS,1961,2.1086001
Malaysia,MYS,1962,2.0678
Malaysia,MYS,1963,2.1525002
Malaysia,MYS,1964,1.9968002
Malaysia,MYS,1965,2.1578002
Malaysia,MYS,1966,2.1408002
Malaysia,MYS,1967,2.0165
Malaysia,MYS,1968,2.1714
Malaysia,MYS,1969,2.3246002
Malaysia,MYS,1970,2.3858001
Malaysia,MYS,1971,2.4736001
Malaysia,MYS,1972,2.398
Malaysia,MYS,1973,2.6342
Malaysia,MYS,1974,2.8311002
Malaysia,MYS,1975,2.6615002
Malaysia,MYS,1976,2.7217002
Malaysia,MYS,1977,2.6252
Malaysia,MYS,1978,2.5695002
Malaysia,MYS,1979,2.8388002
Malaysia,MYS,1980,2.8524
Malaysia,MYS,1981,2.8409
Malaysia,MYS,1982,2.7619
Malaysia,MYS,1983,2.6041002
Malaysia,MYS,1984,2.5187001
Malaysia,MYS,1985,2.6648002
Malaysia,MYS,1986,2.6399
Malaysia,MYS,1987,2.4686003
Malaysia,MYS,1988,2.5251002
Malaysia,MYS,1989,2.6251001
Malaysia,MYS,1990,2.7694001
Malaysia,MYS,1991,2.8178003
Malaysia,MYS,1992,2.9918003
Malaysia,MYS,1993,3.0348003
Malaysia,MYS,1994,3.0614
Malaysia,MYS,1995,3.1619
Malaysia,MYS,1996,3.2510002
Malaysia,MYS,1997,3.0676003
Malaysia,MYS,1998,2.8829
Malaysia,MYS,1999,2.9415002
Malaysia,MYS,2000,3.0640001
Malaysia,MYS,2001,3.1101003
Malaysia,MYS,2002,3.2385
Malaysia,MYS,2003,3.3596003
Malaysia,MYS,2004,3.3260002
Malaysia,MYS,2005,3.4221003
Malaysia,MYS,2006,3.3907
Malaysia,MYS,2007,3.5277002
Malaysia,MYS,2008,3.5836003
Malaysia,MYS,2009,3.7205002
Malaysia,MYS,2010,3.6361003
Malaysia,MYS,2011,3.7468002
Malaysia,MYS,2012,3.7972002
Malaysia,MYS,2013,3.8763003
Malaysia,MYS,2014,4.6292005
Malaysia,MYS,2015,4.0223002
Malaysia,MYS,2016,3.9775002
Malaysia,MYS,2017,3.7496002
Malaysia,MYS,2018,3.7704
Malaysia,MYS,2019,3.5009
Malaysia,MYS,2020,3.6538002
Malaysia,MYS,2021,3.7683003
Malaysia,MYS,2022,3.5766003
Malaysia,MYS,2023,3.5421002
Malaysia,MYS,2024,3.5432
Myanmar,MMR,1961,1.6066
Myanmar,MMR,1962,1.6469
Myanmar,MMR,1963,1.5957
Myanmar,MMR,1964,1.7097
Myanmar,MMR,1965,1.6614001
Myanmar,MMR,1966,1.4694
Myanmar,MMR,1967,1.651
Myanmar,MMR,1968,1.6843002
Myanmar,MMR,1969,1.7092
Myanmar,MMR,1970,1.6973001
Myanmar,MMR,1971,1.7161001
Myanmar,MMR,1972,1.6247001
Myanmar,MMR,1973,1.7629001
Myanmar,MMR,1974,1.7574002
Myanmar,MMR,1975,1.8307
Myanmar,MMR,1976,1.8974001
Myanmar,MMR,1977,1.9453001
Myanmar,MMR,1978,2.1012
Myanmar,MMR,1979,2.3521001
Myanmar,MMR,1980,2.7739
Myanmar,MMR,1981,2.9419
Myanmar,MMR,1982,3.1505
Myanmar,MMR,1983,3.0666003
Myanmar,MMR,1984,3.0981002
Myanmar,MMR,1985,3.0718002
Myanmar,MMR,1986,3.0279
Myanmar,MMR,1987,3.0424001
Myanmar,MMR,1988,2.9084
Myanmar,MMR,1989,2.9174001
Myanmar,MMR,1990,2.9353
Myanmar,MMR,1991,2.8857
Myanmar,MMR,1992,2.9341002
Myanmar,MMR,1993,3.0541003
Myanmar,MMR,1994,3.1682
Myanmar,MMR,1995,2.9759
Myanmar,MMR,1996,3.0642002
Myanmar,MMR,1997,3.0793002
Myanmar,MMR,1998,3.1284
Myanmar,MMR,1999,3.2403002
Myanmar,MMR,2000,3.3832002
Myanmar,MMR,2001,3.4179
Myanmar,MMR,2002,3.4194
Myanmar,MMR,2003,3.5440001
Myanmar,MMR,2004,3.6356003
Myanmar,MMR,2005,3.7496002
Myanmar,MMR,2006,3.8300002
Myanmar,MMR,2007,3.926
Myanmar,MMR,2008,4.0323005
Myanmar,MMR,2009,4.0558004
Myanmar,MMR,2010,4.0664
Myanmar,MMR,2011,3.8338003
Myanmar,MMR,2012,3.8115
Myanmar,MMR,2013,3.8538003
Myanmar,MMR,2014,3.9084
Myanmar,MMR,2015,3.9339
Myanmar,MMR,2016,3.8794
Myanmar,MMR,2017,3.8597002
Myanmar,MMR,2018,3.9187002
Myanmar,MMR,2019,3.8566003
Myanmar,MMR,2020,3.8652
Myanmar,MMR,2021,3.8957002
Myanmar,MMR,2022,3.9467
Myanmar,MMR,2023,3.9818003
Myanmar,MMR,2024,3.9409
Philippines,PHL,1961,1.2299001
Philippines,PHL,1962,1.2548001
Philippines,PHL,1963,1.2447
Philippines,PHL,1964,1.2478001
Philippines,PHL,1965,1.3099
Philippines,PHL,1966,1.3223001
Philippines,PHL,1967,1.3804001
Philippines,PHL,1968,1.3339001
Philippines,PHL,1969,1.7098001
Philippines,PHL,1970,1.746
Philippines,PHL,1971,1.598
Philippines,PHL,1972,1.4431001
Philippines,PHL,1973,1.4624001
Philippines,PHL,1974,1.5458001
Philippines,PHL,1975,1.6636001
Philippines,PHL,1976,1.7967
Philippines,PHL,1977,2.0142
Philippines,PHL,1978,2.0253
Philippines,PHL,1979,2.1131003
Philippines,PHL,1980,2.2105
Philippines,PHL,1981,2.2977002
Philippines,PHL,1982,2.6342
Philippines,PHL,1983,2.3227
Philippines,PHL,1984,2.43
Philippines,PHL,1985,2.5879
Philippines,PHL,1986,2.7173002
Philippines,PHL,1987,2.6229
Philippines,PHL,1988,2.6442
Philippines,PHL,1989,2.7046003
Philippines,PHL,1990,2.9786003
Philippines,PHL,1991,2.8243003
Philippines,PHL,1992,2.8545
Philippines,PHL,1993,2.8742
Philippines,PHL,1994,2.8859
Philippines,PHL,1995,2.8043
Philippines,PHL,1996,2.8558002
Philippines,PHL,1997,2.9329
Philippines,PHL,1998,2.6986003
Philippines,PHL,1999,2.9468002
Philippines,PHL,2000,3.0681002
Philippines,PHL,2001,3.1866002
Philippines,PHL,2002,3.2797
Philippines,PHL,2003,3.3696003
Philippines,PHL,2004,3.5130002
Philippines,PHL,2005,3.5876002
Philippines,PHL,2006,3.6844
Philippines,PHL,2007,3.8008003
Philippines,PHL,2008,3.7703001
Philippines,PHL,2009,3.5890002
Philippines,PHL,2010,3.6224
Philippines,PHL,2011,3.6776004
Philippines,PHL,2012,3.8448002
Philippines,PHL,2013,3.8852
Philippines,PHL,2014,4.0019
Philippines,PHL,2015,3.8980002
Philippines,PHL,2016,3.8690002
Philippines,PHL,2017,4.0061
Philippines,PHL,2018,3.9718003
Philippines,PHL,2019,4.0449
Philippines,PHL,2020,4.0888004
Philippines,PHL,2021,4.1540003
Philippines,PHL,2022,4.112
Philippines,PHL,2023,4.1654
Philippines,PHL,2024,4.1084
Thailand,THA,1961,1.6585001
Thailand,THA,1962,1.7202001
Thailand,THA,1963,1.8725001
Thailand,THA,1964,1.8384001
Thailand,THA,1965,1.7805
Thailand,THA,1966,1.8360001
Thailand,THA,1967,1.7497001
Thailand,THA,1968,1.7882
Thailand,THA,1969,1.8474001
Thailand,THA,1970,2.0207
Thailand,THA,1971,1.9369001
Thailand,THA,1972,1.8308002
Thailand,THA,1973,1.9242
Thailand,THA,1974,1.8254001
Thailand,THA,1975,1.8308002
Thailand,THA,1976,1.845
Thailand,THA,1977,1.5910001
Thailand,THA,1978,1.9552001
Thailand,THA,1979,1.8209001
Thailand,THA,1980,1.8878001
Thailand,THA,1981,1.9521
Thailand,THA,1982,1.8880001
Thailand,THA,1983,2.0351
Thailand,THA,1984,2.0670002
Thailand,THA,1985,2.0608
Thailand,THA,1986,2.0522
Thailand,THA,1987,2.0147
Thailand,THA,1988,2.1465
Thailand,THA,1989,2.0853002
Thailand,THA,1990,1.9556
Thailand,THA,1991,2.217
Thailand,THA,1992,2.1908002
Thailand,THA,1993,2.2084
Thailand,THA,1994,2.2929
Thailand,THA,1995,2.3371003
Thailand,THA,1996,2.3996003
Thailand,THA,1997,2.3827
Thailand,THA,1998,2.4365
Thailand,THA,1999,2.3891003
Thailand,THA,2000,2.5675
Thailand,THA,2001,2.7963002
Thailand,THA,2002,2.9041002
Thailand,THA,2003,2.9354
Thailand,THA,2004,2.9073002
Thailand,THA,2005,2.9649
Thailand,THA,2006,2.9528003
Thailand,THA,2007,2.9786003
Thailand,THA,2008,3.0149
Thailand,THA,2009,2.9743001
Thailand,THA,2010,2.9089
Thailand,THA,2011,3.1013002
Thailand,THA,2012,3.2144
Thailand,THA,2013,3.1931002
Thailand,THA,2014,3.0714002
Thailand,THA,2015,2.9189
Thailand,THA,2016,2.8749
Thailand,THA,2017,3.0172
Thailand,THA,2018,3.0614
Thailand,THA,2019,3.0019
Thailand,THA,2020,2.8762002
Thailand,THA,2021,2.9275002
Thailand,THA,2022,2.9781003
Thailand,THA,2023,2.9854
Thailand,THA,2024,2.9827
Vietnam,VNM,1961,1.8966
Vietnam,VNM,1962,1.9937
Vietnam,VNM,1963,2.14
Vietnam,VNM,1964,1.9441
Vietnam,VNM,1965,1.9414002
Vietnam,VNM,1966,1.8079001
Vietnam,VNM,1967,1.9159001
Vietnam,VNM,1968,1.7095001
Vietnam,VNM,1969,1.7880001
Vietnam,VNM,1970,2.1534
Vietnam,VNM,1971,2.2265
Vietnam,VNM,1972,2.1935
Vietnam,VNM,1973,2.2117
Vietnam,VNM,1974,2.1564
Vietnam,VNM,1975,2.1198
Vietnam,VNM,1976,2.2327
Vietnam,VNM,1977,1.9378002
Vietnam,VNM,1978,1.7922001
Vietnam,VNM,1979,2.0716002
Vietnam,VNM,1980,2.0798001
Vietnam,VNM,1981,2.1966002
Vietnam,VNM,1982,2.5194001
Vietnam,VNM,1983,2.6272001
Vietnam,VNM,1984,2.7323003
Vietnam,VNM,1985,2.7761002
Vietnam,VNM,1986,2.8060002
Vietnam,VNM,1987,2.6954
Vietnam,VNM,1988,2.9613001
Vietnam,VNM,1989,3.2136002
Vietnam,VNM,1990,3.1815002
Vietnam,VNM,1991,3.1133
Vietnam,VNM,1992,3.3342001
Vietnam,VNM,1993,3.4815001
Vietnam,VNM,1994,3.5657
Vietnam,VNM,1995,3.6898003
Vietnam,VNM,1996,3.7689002
Vietnam,VNM,1997,3.8768003
Vietnam,VNM,1998,4.0007
Vietnam,VNM,1999,4.1018
Vietnam,VNM,2000,4.2432003
Vietnam,VNM,2001,4.2853
Vietnam,VNM,2002,4.5903
Vietnam,VNM,2003,4.6387005
Vietnam,VNM,2004,4.8553
Vietnam,VNM,2005,4.8891006
Vietnam,VNM,2006,4.8943
Vietnam,VNM,2007,4.9869003
Vietnam,VNM,2008,5.2336
Vietnam,VNM,2009,5.2372003
Vietnam,VNM,2010,5.3416004
Vietnam,VNM,2011,5.5383
Vietnam,VNM,2012,5.6353
Vietnam,VNM,2013,5.5726004
Vietnam,VNM,2014,5.7538
Vietnam,VNM,2015,5.7597003
Vietnam,VNM,2016,5.5738
Vietnam,VNM,2017,5.5476003
Vietnam,VNM,2018,5.8180003
Vietnam,VNM,2019,5.8371005
Vietnam,VNM,2020,5.9212003
Vietnam,VNM,2021,6.0740004
Vietnam,VNM,2022,6.018
Vietnam,VNM,2023,6.1135
Vietnam,VNM,2024,6.1517005